{
	"credit": "Made with Blockbench",
	"ambientocclusion": false,
	"texture_size": [32, 32],
	"textures": {
		"1": "block/crimson_bulb"
	},
	"elements": [
		{
			"from": [4.2, 0.1, 4.2],
			"to": [11.8, 6.7, 11.8],
			"rotation": {"angle": 0, "axis": "y", "origin": [7.5, 0.4, 7.5]},
			"faces": {
				"north": {"uv": [0, 0, 8, 7], "texture": "#1"},
				"east": {"uv": [0, 0, 8, 7], "texture": "#1"},
				"south": {"uv": [0, 0, 8, 7], "texture": "#1"},
				"west": {"uv": [0, 0, 8, 7], "texture": "#1"},
				"up": {"uv": [0, 0, 8, 8], "texture": "#1"},
				"down": {"uv": [0, 0, 8, 8], "texture": "#1"}
			}
		},
		{
			"from": [4.2, 0.1, 4.2],
			"to": [11.8, 6.7, 11.8],
			"rotation": {"angle": 0, "axis": "y", "origin": [7.5, 0.4, 7.5]},
			"faces": {
				"north": {"uv": [0, 0, 8, 7], "texture": "#1"},
				"east": {"uv": [0, 0, 8, 7], "texture": "#1"},
				"south": {"uv": [0, 0, 8, 7], "texture": "#1"},
				"west": {"uv": [0, 0, 8, 7], "texture": "#1"},
				"up": {"uv": [0, 0, 8, 8], "texture": "#1"},
				"down": {"uv": [0, 0, 8, 8], "texture": "#1"}
			}
		},
		{
			"from": [4, 0, -6],
			"to": [12, 0, 4],
			"rotation": {"angle": 45, "axis": "x", "origin": [8, 0, 4]},
			"faces": {
				"north": {"uv": [0, 0, 8, 0], "texture": "#1"},
				"east": {"uv": [0, 0, 8, 0], "texture": "#1"},
				"south": {"uv": [0, 0, 8, 0], "texture": "#1"},
				"west": {"uv": [0, 0, 8, 0], "texture": "#1"},
				"up": {"uv": [8, 0, 16, 10], "texture": "#1"},
				"down": {"uv": [8, 0, 16, 10], "rotation": 180, "texture": "#1"}
			}
		},
		{
			"from": [4, 0, 4],
			"to": [12, 0, 12],
			"rotation": {"angle": 0, "axis": "x", "origin": [8, 0, 12]},
			"faces": {
				"north": {"uv": [0, 0, 8, 0], "texture": "#missing"},
				"east": {"uv": [0, 0, 8, 0], "texture": "#missing"},
				"south": {"uv": [0, 0, 8, 0], "texture": "#missing"},
				"west": {"uv": [0, 0, 8, 0], "texture": "#missing"},
				"up": {"uv": [0, 8, 8, 16], "texture": "#1"},
				"down": {"uv": [0, 8, 8, 16], "texture": "#1"}
			}
		},
		{
			"from": [-6, 0, 4],
			"to": [4, 0, 12],
			"rotation": {"angle": -45, "axis": "z", "origin": [4, 0, 8]},
			"faces": {
				"north": {"uv": [0, 0, 5, 0], "texture": "#1"},
				"east": {"uv": [0, 0, 4, 0], "texture": "#1"},
				"south": {"uv": [0, 0, 5, 0], "texture": "#1"},
				"west": {"uv": [0, 0, 4, 0], "texture": "#1"},
				"up": {"uv": [8, 0, 16, 10], "rotation": 270, "texture": "#1"},
				"down": {"uv": [8, 0, 16, 10], "rotation": 270, "texture": "#1"}
			}
		},
		{
			"from": [12, 0, 4],
			"to": [22, 0, 12],
			"rotation": {"angle": 45, "axis": "z", "origin": [12, 0, 8]},
			"faces": {
				"north": {"uv": [0, 0, 5, 0], "rotation": 180, "texture": "#1"},
				"east": {"uv": [0, 0, 4, 0], "rotation": 180, "texture": "#1"},
				"south": {"uv": [0, 0, 5, 0], "rotation": 180, "texture": "#1"},
				"west": {"uv": [0, 0, 4, 0], "rotation": 180, "texture": "#1"},
				"up": {"uv": [8, 0, 16, 10], "rotation": 90, "texture": "#1"},
				"down": {"uv": [8, 0, 16, 10], "rotation": 90, "texture": "#1"}
			}
		},
		{
			"from": [4, 0, 12],
			"to": [12, 0, 22],
			"rotation": {"angle": -45, "axis": "x", "origin": [8, 0, 12]},
			"faces": {
				"north": {"uv": [0, 0, 4, 0], "rotation": 180, "texture": "#1"},
				"east": {"uv": [0, 0, 5, 0], "rotation": 180, "texture": "#1"},
				"south": {"uv": [0, 0, 4, 0], "rotation": 180, "texture": "#1"},
				"west": {"uv": [0, 0, 5, 0], "rotation": 180, "texture": "#1"},
				"up": {"uv": [8, 0, 16, 10], "rotation": 180, "texture": "#1"},
				"down": {"uv": [8, 0, 16, 10], "texture": "#1"}
			}
		}
	],
	"display": {
		"thirdperson_righthand": {
			"rotation": [-6.25, 45, 0],
			"translation": [0, 4.25, 1],
			"scale": [0.5, 0.5, 0.5]
		},
		"thirdperson_lefthand": {
			"rotation": [-6.25, 45, 0],
			"translation": [0, 4.25, 1],
			"scale": [0.5, 0.5, 0.5]
		},
		"firstperson_righthand": {
			"rotation": [-29, 2, 0],
			"translation": [0, 4.25, 0.75],
			"scale": [0.5, 0.5, 0.5]
		},
		"firstperson_lefthand": {
			"rotation": [-29, 2, 0],
			"translation": [0, 4.25, 0.75],
			"scale": [0.5, 0.5, 0.5]
		},
		"ground": {
			"translation": [0, 3, 0],
			"scale": [0.25, 0.25, 0.25]
		},
		"gui": {
			"rotation": [30, 225, 0],
			"translation": [0, 1.75, 0],
			"scale": [0.8, 0.8, 0.8]
		},
		"head": {
			"translation": [0, 15.25, 0]
		},
		"fixed": {
			"rotation": [-90, 0, 0],
			"translation": [0, 0, -15],
			"scale": [2, 2, 2]
		}
	}
}