{
	"credit": "Made with Blockbench",
	"ambientocclusion": false,
	"textures": {
		"0": "block/warped_tubefungi",
		"particle": "block/warped_tubefungi"
	},
	"elements": [
		{
			"from": [9.3, -0.7, 2.3],
			"to": [12.7, 19.7, 5.7],
			"rotation": {"angle": 0, "axis": "y", "origin": [11.5, 0.5, 3.5]},
			"faces": {
				"north": {"uv": [0, 11, 4, 16], "texture": "#0"},
				"east": {"uv": [0, 11, 4, 16], "texture": "#0"},
				"south": {"uv": [0, 11, 4, 16], "texture": "#0"},
				"west": {"uv": [0, 11, 4, 16], "texture": "#0"},
				"up": {"uv": [0, 11, 4, 16], "texture": "#0"},
				"down": {"uv": [0, 11, 4, 16], "texture": "#0"}
			}
		},
		{
			"from": [3.3, -0.7, 6.3],
			"to": [6.7, 10.7, 9.7],
			"rotation": {"angle": 0, "axis": "y", "origin": [5.5, -8.5, 7.5]},
			"faces": {
				"north": {"uv": [0, 11, 4, 16], "texture": "#0"},
				"east": {"uv": [0, 11, 4, 16], "texture": "#0"},
				"south": {"uv": [0, 11, 4, 16], "texture": "#0"},
				"west": {"uv": [0, 11, 4, 16], "texture": "#0"},
				"up": {"uv": [0, 11, 4, 16], "texture": "#0"},
				"down": {"uv": [0, 11, 4, 16], "texture": "#0"}
			}
		},
		{
			"from": [9, 10, 2],
			"to": [13, 18, 6],
			"rotation": {"angle": 0, "axis": "y", "origin": [11, 14, 4]},
			"faces": {
				"north": {"uv": [4, 0, 8, 9], "texture": "#0"},
				"east": {"uv": [0, 0, 4, 9], "texture": "#0"},
				"south": {"uv": [0, 0, 4, 9], "texture": "#0"},
				"west": {"uv": [4, 0, 8, 9], "texture": "#0"}
			}
		},
		{
			"from": [3, 1, 6],
			"to": [7, 9, 10],
			"rotation": {"angle": 0, "axis": "y", "origin": [5, 5, 8]},
			"faces": {
				"north": {"uv": [4, 0, 8, 9], "texture": "#0"},
				"east": {"uv": [0, 0, 4, 9], "texture": "#0"},
				"south": {"uv": [4, 0, 8, 9], "texture": "#0"},
				"west": {"uv": [0, 0, 4, 9], "texture": "#0"}
			}
		},
		{
			"from": [9, 1, 2],
			"to": [13, 9, 6],
			"rotation": {"angle": 0, "axis": "y", "origin": [11, 5, 4]},
			"faces": {
				"north": {"uv": [4, 0, 8, 9], "texture": "#0"},
				"east": {"uv": [4, 0, 8, 9], "texture": "#0"},
				"south": {"uv": [4, 0, 8, 9], "texture": "#0"},
				"west": {"uv": [0, 0, 4, 9], "texture": "#0"}
			}
		},
		{
			"from": [8, 19, 1],
			"to": [14, 21, 7],
			"rotation": {"angle": 0, "axis": "y", "origin": [11.5, 3.5, 3.5]},
			"faces": {
				"north": {"uv": [0, 9, 8, 11], "texture": "#0"},
				"east": {"uv": [0, 9, 8, 11], "texture": "#0"},
				"south": {"uv": [0, 9, 8, 11], "texture": "#0"},
				"west": {"uv": [0, 9, 8, 11], "texture": "#0"},
				"up": {"uv": [8, 8, 16, 16], "texture": "#0"},
				"down": {"uv": [8, 0, 16, 8], "texture": "#0"}
			}
		},
		{
			"from": [2, 10, 5],
			"to": [8, 12, 11],
			"rotation": {"angle": 0, "axis": "y", "origin": [5.5, -5.5, 7.5]},
			"faces": {
				"north": {"uv": [0, 9, 8, 11], "texture": "#0"},
				"east": {"uv": [0, 9, 8, 11], "texture": "#0"},
				"south": {"uv": [0, 9, 8, 11], "texture": "#0"},
				"west": {"uv": [0, 9, 8, 11], "texture": "#0"},
				"up": {"uv": [8, 8, 16, 16], "texture": "#0"},
				"down": {"uv": [8, 0, 16, 8], "texture": "#0"}
			}
		}
	],
	"display": {
		"thirdperson_righthand": {
			"rotation": [1, 45, 0],
			"translation": [0.5, 2.5, 1.75],
			"scale": [0.375, 0.375, 0.375]
		},
		"thirdperson_lefthand": {
			"rotation": [1, 45, 0],
			"translation": [0.5, 2.5, 1.75],
			"scale": [0.375, 0.375, 0.375]
		},
		"firstperson_righthand": {
			"rotation": [0, 45, 0],
			"translation": [2.75, 0.75, 0],
			"scale": [0.4, 0.4, 0.4]
		},
		"firstperson_lefthand": {
			"rotation": [0, 45, 0],
			"translation": [2.75, 0.75, 0],
			"scale": [0.4, 0.4, 0.4]
		},
		"ground": {
			"translation": [0, 3, 0],
			"scale": [0.25, 0.25, 0.25]
		},
		"gui": {
			"rotation": [30, -153.75, 0],
			"translation": [-0.5, 0.25, 0],
			"scale": [0.625, 0.625, 0.625]
		},
		"head": {
			"translation": [0, 14.5, 2.5]
		},
		"fixed": {
			"rotation": [-90, 0, 0],
			"translation": [0, 0, -16.25],
			"scale": [2, 2, 2]
		}
	}
}