{
	"credit": "Made with Blockbench",
	"ambientocclusion": false,
	"texture_size": [64, 64],
	"textures": {
		"1": "block/netherrack_fungus",
		"particle": "block/netherrack_fungus"
	},
	"elements": [
		{
			"from": [-10, 10, -11],
			"to": [27, 10, 27],
			"rotation": {"angle": 0, "axis": "z", "origin": [10, 18, 4]},
			"faces": {
				"north": {"uv": [0, 0, 16, 0], "texture": "#missing"},
				"east": {"uv": [0, 0, 16, 0], "texture": "#missing"},
				"south": {"uv": [0, 0, 16, 0], "texture": "#missing"},
				"west": {"uv": [0, 0, 16, 0], "texture": "#missing"},
				"up": {"uv": [3, 4.5, 12.75, 14], "texture": "#1"},
				"down": {"uv": [12.75, 4.5, 3, 14], "texture": "#1"}
			}
		},
		{
			"from": [-2, 12, -10],
			"to": [17, 12, 0],
			"rotation": {"angle": 0, "axis": "x", "origin": [8, 11, 8]},
			"faces": {
				"north": {"uv": [0, 0, 4.75, 0], "texture": "#missing"},
				"east": {"uv": [0, 0, 2.25, 0], "texture": "#missing"},
				"south": {"uv": [0, 0, 4.75, 0], "texture": "#missing"},
				"west": {"uv": [0, 0, 2.25, 0], "texture": "#missing"},
				"up": {"uv": [9.75, 0, 15.5, 3], "texture": "#1"},
				"down": {"uv": [15.5, 0, 9.75, 3], "rotation": 180, "texture": "#1"}
			}
		},
		{
			"from": [-10.5, 7, -1.5],
			"to": [-0.5, 7, 17.5],
			"rotation": {"angle": 0, "axis": "y", "origin": [-5.5, 7, 8]},
			"faces": {
				"north": {"uv": [0, 0, 2.25, 0], "texture": "#missing"},
				"east": {"uv": [0, 0, 4.75, 0], "texture": "#missing"},
				"south": {"uv": [0, 0, 2.25, 0], "texture": "#missing"},
				"west": {"uv": [0, 0, 4.75, 0], "texture": "#missing"},
				"up": {"uv": [9.75, 0, 15.5, 3], "rotation": 270, "texture": "#1"},
				"down": {"uv": [15.5, 0, 9.75, 3], "rotation": 270, "texture": "#1"}
			}
		},
		{
			"from": [0, 8, -10],
			"to": [12, 8, 0],
			"rotation": {"angle": 0, "axis": "x", "origin": [7, 7, 8]},
			"faces": {
				"north": {"uv": [0, 0, 4.75, 0], "texture": "#missing"},
				"east": {"uv": [0, 0, 2.25, 0], "texture": "#missing"},
				"south": {"uv": [0, 0, 4.75, 0], "texture": "#missing"},
				"west": {"uv": [0, 0, 2.25, 0], "texture": "#missing"},
				"up": {"uv": [0.75, 0, 5, 3], "texture": "#1"},
				"down": {"uv": [5, 0, 0.75, 3], "rotation": 180, "texture": "#1"}
			}
		},
		{
			"from": [0, 8, 16],
			"to": [12, 8, 26],
			"rotation": {"angle": 0, "axis": "y", "origin": [6, 8, 21]},
			"faces": {
				"north": {"uv": [0, 0, 4.75, 0], "texture": "#missing"},
				"east": {"uv": [0, 0, 2.25, 0], "texture": "#missing"},
				"south": {"uv": [0, 0, 4.75, 0], "texture": "#missing"},
				"west": {"uv": [0, 0, 2.25, 0], "texture": "#missing"},
				"up": {"uv": [0.75, 0, 5, 3], "rotation": 180, "texture": "#1"},
				"down": {"uv": [5, 0, 0.75, 3], "texture": "#1"}
			}
		},
		{
			"from": [7, 12, 16],
			"to": [15, 12, 23],
			"rotation": {"angle": 0, "axis": "y", "origin": [15, 19, 24]},
			"faces": {
				"north": {"uv": [0, 0, 2, 0], "texture": "#missing"},
				"east": {"uv": [0, 0, 0.25, 0], "texture": "#missing"},
				"south": {"uv": [0, 0, 2, 0], "texture": "#missing"},
				"west": {"uv": [0, 0, 0.25, 0], "texture": "#missing"},
				"up": {"uv": [6.5, 1, 8.75, 3], "rotation": 180, "texture": "#1"},
				"down": {"uv": [8.75, 1, 6.5, 3], "texture": "#1"}
			}
		},
		{
			"from": [16.5, 6, 5.5],
			"to": [23.5, 6, 13.5],
			"rotation": {"angle": 0, "axis": "y", "origin": [20, 6, 9.5]},
			"faces": {
				"north": {"uv": [0, 0, 0.25, 0], "texture": "#missing"},
				"east": {"uv": [0, 0, 2, 0], "texture": "#missing"},
				"south": {"uv": [0, 0, 0.25, 0], "texture": "#missing"},
				"west": {"uv": [0, 0, 2, 0], "texture": "#missing"},
				"up": {"uv": [6.5, 1, 8.75, 3], "rotation": 90, "texture": "#1"},
				"down": {"uv": [8.75, 1, 6.5, 3], "rotation": 90, "texture": "#1"}
			}
		},
		{
			"from": [15.5, 12, 0.5],
			"to": [22.5, 12, 8.5],
			"rotation": {"angle": 0, "axis": "y", "origin": [16, 12, 4.5]},
			"faces": {
				"north": {"uv": [0, 0, 0.25, 0], "texture": "#missing"},
				"east": {"uv": [0, 0, 2, 0], "texture": "#missing"},
				"south": {"uv": [0, 0, 0.25, 0], "texture": "#missing"},
				"west": {"uv": [0, 0, 2, 0], "texture": "#missing"},
				"up": {"uv": [6.5, 1, 8.75, 3], "rotation": 90, "texture": "#1"},
				"down": {"uv": [8.75, 1, 6.5, 3], "rotation": 90, "texture": "#1"}
			}
		}
	],
	"display": {
		"thirdperson_righthand": {
			"rotation": [8, 45, 0],
			"translation": [0, 0, -2.5],
			"scale": [0.375, 0.375, 0.375]
		},
		"thirdperson_lefthand": {
			"rotation": [8, 45, 0],
			"translation": [0, 0, -2.5],
			"scale": [0.375, 0.375, 0.375]
		},
		"firstperson_righthand": {
			"rotation": [-5.25, 24.5, 32.75],
			"translation": [0, 0.75, 0],
			"scale": [0.4, 0.4, 0.4]
		},
		"firstperson_lefthand": {
			"rotation": [-5.25, 24.5, 32.75],
			"translation": [0, 0.75, 0],
			"scale": [0.4, 0.4, 0.4]
		},
		"ground": {
			"translation": [0, 3, 0],
			"scale": [0.25, 0.25, 0.25]
		},
		"gui": {
			"rotation": [30, 225, 0],
			"scale": [0.625, 0.625, 0.625]
		},
		"fixed": {
			"rotation": [-90, 0, 0],
			"translation": [-0.25, 0, 17],
			"scale": [2, 2, 2]
		}
	}
}