{
	"credit": "Made with Blockbench",
	"ambientocclusion": false,
	"textures": {
		"0": "custom_paintings/hoglin_selfie_painting",
		"1": "block/crimson_planks",
		"particle": "custom_paintings/hoglin_selfie_painting"
	},
	"elements": [
		{
			"from": [0, 0, 0],
			"to": [16, 16, 0],
			"faces": {
				"north": {"uv": [0, 0, 16, 16], "texture": "#0"},
				"east": {"uv": [0, 0, 0, 16], "texture": "#missing"},
				"west": {"uv": [0, 0, 0, 16], "texture": "#missing"},
				"up": {"uv": [0, 0, 16, 0], "texture": "#missing"},
				"down": {"uv": [0, 0, 16, 0], "texture": "#missing"}
			}
		},
		{
			"from": [0.02, 0.02, 0.02],
			"to": [15.98, 15.98, -0.02],
			"faces": {
				"east": {"uv": [0, 0, 0, 16], "texture": "#1"},
				"south": {"uv": [0, 0, 16, 16], "texture": "#1"},
				"west": {"uv": [0, 0, 0, 16], "texture": "#1"},
				"up": {"uv": [0, 0, 16, 0], "texture": "#1"},
				"down": {"uv": [0, 0, 16, 0], "texture": "#1"}
			}
		}
	],
	"display": {
		"thirdperson_righthand": {
			"translation": [0, 4, 6],
			"scale": [0.6, 0.6, 0.6]
		},
		"thirdperson_lefthand": {
			"translation": [0, 4, 6],
			"scale": [0.6, 0.6, 0.6]
		},
		"firstperson_righthand": {
			"rotation": [-14.25, -180, 0],
			"translation": [-0.5, 4.5, 0],
			"scale": [0.44, 0.44, 0.44]
		},
		"firstperson_lefthand": {
			"rotation": [-14.25, -180, 0],
			"translation": [-0.5, 4.5, 0],
			"scale": [0.44, 0.44, 0.44]
		},
		"ground": {
			"translation": [0, 3, 0],
			"scale": [0.25, 0.25, 0.25]
		},
		"gui": {
			"rotation": [0, -180, 0]
		},
		"fixed": {
			"translation": [0, 0, 16.75],
			"scale": [2, 2, 2]
		}
	}
}