{
	"credit": "Made with Blockbench",
	"ambientocclusion": false,
	"texture_size": [64, 64],
	"textures": {
		"0": "block/soul_sacs",
		"particle": "block/soul_sacs"
	},
	"elements": [
		{
			"from": [2, 0, 9],
			"to": [7, 3, 14],
			"rotation": {"angle": 0, "axis": "y", "origin": [7.75, 2.125, 7.5]},
			"faces": {
				"north": {"uv": [1.25, 8, 2.5, 8.75], "texture": "#0"},
				"east": {"uv": [1.25, 8, 2.5, 8.75], "texture": "#0"},
				"south": {"uv": [1.25, 8, 2.5, 8.75], "texture": "#0"},
				"west": {"uv": [1.25, 8, 2.5, 8.75], "texture": "#0"},
				"up": {"uv": [7, 7, 5.5, 5.5], "texture": "#0"}
			}
		},
		{
			"from": [9, 0, 1],
			"to": [14, 4, 6],
			"rotation": {"angle": 0, "axis": "y", "origin": [7.75, 2.125, 7.5]},
			"faces": {
				"north": {"uv": [1.25, 8, 2.5, 8.75], "texture": "#0"},
				"east": {"uv": [1.25, 8, 2.5, 8.75], "texture": "#0"},
				"south": {"uv": [1.25, 8, 2.5, 8.75], "texture": "#0"},
				"west": {"uv": [7.75, 7.75, 9, 8.75], "texture": "#0"},
				"up": {"uv": [7, 7, 5.5, 5.5], "texture": "#0"}
			}
		},
		{
			"from": [1, 0, 2],
			"to": [7, 4, 8],
			"rotation": {"angle": 0, "axis": "y", "origin": [7.75, 2.125, 7.5]},
			"faces": {
				"north": {"uv": [7, 2.25, 8.5, 3.25], "texture": "#0"},
				"east": {"uv": [7, 2.25, 8.5, 3.25], "texture": "#0"},
				"south": {"uv": [7, 2.25, 8.5, 3.25], "texture": "#0"},
				"west": {"uv": [7, 2.25, 8.5, 3.25], "texture": "#0"},
				"up": {"uv": [7, 7, 5.5, 5.5], "texture": "#0"}
			}
		},
		{
			"from": [8, 0, 7],
			"to": [14, 6, 13],
			"rotation": {"angle": 0, "axis": "y", "origin": [7.75, 2.125, 7.5]},
			"faces": {
				"north": {"uv": [4, 0, 5.5, 1.5], "texture": "#0"},
				"east": {"uv": [4, 0, 5.5, 1.5], "texture": "#0"},
				"south": {"uv": [4, 0, 5.5, 1.5], "texture": "#0"},
				"west": {"uv": [4, 0, 5.5, 1.5], "texture": "#0"},
				"up": {"uv": [7, 7, 5.5, 5.5], "texture": "#0"}
			}
		},
		{
			"from": [0, 0, 0],
			"to": [16, 0, 16],
			"faces": {
				"north": {"uv": [0, 0, 4, 0], "texture": "#0"},
				"east": {"uv": [0, 0, 4, 0], "texture": "#0"},
				"south": {"uv": [0, 0, 4, 0], "texture": "#0"},
				"west": {"uv": [0, 0, 4, 0], "texture": "#0"},
				"up": {"uv": [4, 4, 0, 0], "texture": "#0"},
				"down": {"uv": [4, 0, 0, 4], "texture": "#0"}
			}
		}
	],
	"display": {
		"thirdperson_righthand": {
			"rotation": [66.25, 45, 0],
			"translation": [0, 2.5, 2.75],
			"scale": [0.375, 0.375, 0.375]
		},
		"thirdperson_lefthand": {
			"rotation": [66.25, 45, 0],
			"translation": [0, 2.5, 2.75],
			"scale": [0.375, 0.375, 0.375]
		},
		"firstperson_righthand": {
			"rotation": [-33.5, 32.75, 19.5],
			"translation": [1.25, 4.25, -0.5],
			"scale": [0.53, 0.53, 0.53]
		},
		"firstperson_lefthand": {
			"rotation": [-33.5, 32.75, 19.5],
			"translation": [1.25, 4.25, -0.5],
			"scale": [0.53, 0.53, 0.53]
		},
		"ground": {
			"translation": [0, 3, 0],
			"scale": [0.48, 0.48, 0.48]
		},
		"gui": {
			"rotation": [30, 225, 0],
			"translation": [0, 3.5, 0],
			"scale": [0.75, 0.75, 0.75]
		},
		"head": {
			"translation": [0, 15.25, 0]
		},
		"fixed": {
			"rotation": [-90, 0, 0],
			"translation": [0, 0, -15],
			"scale": [2, 2, 2]
		}
	}
}