{
	"credit": "Made with Blockbench",
	"ambientocclusion": false,
	"textures": {
		"0": "custom_paintings/da_salt_b",
		"1": "custom_paintings/ghoul_wood",
		"particle": "custom_paintings/da_salt_b"
	},
	"elements": [
		{
			"from": [-16, 0, 0],
			"to": [16, 32, 0],
			"faces": {
				"north": {"uv": [0, 0, 16, 16], "texture": "#0"},
				"east": {"uv": [0, 0, 0, 16], "texture": "#missing"},
				"west": {"uv": [0, 0, 0, 16], "texture": "#missing"},
				"up": {"uv": [0, 0, 16, 0], "texture": "#missing"},
				"down": {"uv": [0, 0, 16, 0], "texture": "#missing"}
			}
		},
		{
			"from": [-16, 0, 0],
			"to": [16, 32, 0],
			"faces": {
				"east": {"uv": [0, 0, 0, 16], "texture": "#1"},
				"south": {"uv": [0, 0, 16, 16], "texture": "#1"},
				"west": {"uv": [0, 0, 0, 16], "texture": "#1"},
				"up": {"uv": [0, 0, 16, 0], "texture": "#1"},
				"down": {"uv": [0, 0, 16, 0], "texture": "#1"}
			}
		}
	],
	"display": {
		"thirdperson_righthand": {
			"translation": [5, 4, 6.75],
			"scale": [0.6, 0.6, 0.6]
		},
		"thirdperson_lefthand": {
			"translation": [-2.75, 4, 6.75],
			"scale": [0.6, 0.6, 0.6]
		},
		"firstperson_righthand": {
			"rotation": [-14.25, -180, 0],
			"translation": [-0.5, 1.5, 0],
			"scale": [0.25, 0.25, 0.25]
		},
		"firstperson_lefthand": {
			"rotation": [-14.25, -180, 0],
			"translation": [4, 1.5, 0],
			"scale": [0.25, 0.25, 0.25]
		},
		"ground": {
			"translation": [0, 3, 0],
			"scale": [0.25, 0.25, 0.25]
		},
		"gui": {
			"rotation": [0, -180, 0],
			"translation": [-4, -4, 0],
			"scale": [0.5, 0.5, 0.5]
		},
		"fixed": {
			"translation": [0, 0, 16.75],
			"scale": [2, 2, 2]
		}
	}
}