{
	"credit": "Made with Blockbench",
	"ambientocclusion": false,
	"textures": {
		"0": "block/bone_block_side_2",
		"1": "block/bone_block_top",
		"particle": "block/bone_block_side_2"
	},
	"elements": [
		{
			"from": [5, 0, 5],
			"to": [11, 10, 11],
			"rotation": {"angle": 0, "axis": "y", "origin": [11, 8, 11]},
			"faces": {
				"north": {"uv": [1, 0, 7, 10], "texture": "#0"},
				"east": {"uv": [1, 0, 7, 10], "texture": "#0"},
				"south": {"uv": [1, 0, 7, 10], "texture": "#0"},
				"west": {"uv": [1, 0, 7, 10], "texture": "#0"},
				"up": {"uv": [10, 9, 16, 15], "texture": "#0"},
				"down": {"uv": [5, 5, 11, 11], "texture": "#1"}
			}
		},
		{
			"from": [5.7, 8, 6],
			"to": [9.7, 21, 10],
			"rotation": {"angle": 22.5, "axis": "z", "origin": [7.7, 11, 8]},
			"faces": {
				"north": {"uv": [15, 0, 11, 8], "texture": "#0"},
				"east": {"uv": [12, 0, 16, 8], "texture": "#0"},
				"south": {"uv": [11, 0, 15, 8], "texture": "#0"},
				"west": {"uv": [7, 8, 11, 16], "texture": "#0"},
				"up": {"uv": [11, 4, 15, 8], "texture": "#0"},
				"down": {"uv": [0, 0, 4, 4], "texture": "#missing"}
			}
		},
		{
			"from": [2.75, 17.4, 7],
			"to": [4.75, 28.4, 9],
			"rotation": {"angle": 45, "axis": "z", "origin": [3.75, 19.9, 8]},
			"faces": {
				"north": {"uv": [16, 0, 14, 8], "texture": "#0"},
				"east": {"uv": [2, 0, 0, 8], "texture": "#0"},
				"south": {"uv": [14, 0, 16, 7], "texture": "#0"},
				"west": {"uv": [13, 1, 11, 8], "texture": "#0"},
				"up": {"uv": [0, 1, 2, 3], "texture": "#0"},
				"down": {"uv": [0, 0, 2, 2], "texture": "#missing"}
			}
		}
	],
	"display": {
		"thirdperson_righthand": {
			"rotation": [5, 45, 0],
			"translation": [0, 2.5, 2],
			"scale": [0.375, 0.375, 0.375]
		},
		"thirdperson_lefthand": {
			"rotation": [5, 45, 0],
			"translation": [0, 2.5, 2],
			"scale": [0.375, 0.375, 0.375]
		},
		"firstperson_righthand": {
			"rotation": [0, -56.5, 0],
			"translation": [3.25, 1.75, 0],
			"scale": [0.4, 0.4, 0.4]
		},
		"firstperson_lefthand": {
			"rotation": [0, 108.75, 0],
			"translation": [2.75, 1.75, 0],
			"scale": [0.4, 0.4, 0.4]
		},
		"ground": {
			"translation": [0, 3, 0],
			"scale": [0.25, 0.25, 0.25]
		},
		"gui": {
			"rotation": [30, 225, 0],
			"translation": [-0.25, -3, 0],
			"scale": [0.54, 0.54, 0.54]
		},
		"fixed": {
			"rotation": [-90, 0, 0],
			"translation": [0, 0, -15],
			"scale": [2, 2, 2]
		}
	}
}