{
	"credit": "Made with Blockbench",
	"ambientocclusion": false,
	"texture_size": [64, 64],
	"textures": {
		"0": "shield/shield_base_nopattern"
	},
	"elements": [
		{
			"name": "Cube",
			"from": [2, -0.2, 11],
			"to": [14, 21.8, 12],
			"shade": false,
			"faces": {
				"north": {"uv": [3.25, 0.25, 0.25, 5.75], "texture": "#0"},
				"east": {"uv": [3.5, 0.25, 3.25, 5.75], "texture": "#0"},
				"south": {"uv": [3.25, 0.25, 0.25, 5.75], "texture": "#0"},
				"west": {"uv": [0.25, 0.25, 0, 5.75], "texture": "#0"},
				"up": {"uv": [0.25, 0.25, 3.25, 0], "texture": "#0"},
				"down": {"uv": [3.25, 0.25, 6.25, 0], "texture": "#0"}
			}
		},
		{
			"name": "Cube",
			"from": [-0.99, 3.21, 11.01],
			"to": [6.99, 23.19, 11.99],
			"shade": false,
			"rotation": {"angle": 22.5, "axis": "z", "origin": [8, 11, 11.5]},
			"faces": {
				"north": {"uv": [2, 11, 0, 16], "texture": "#0"},
				"east": {"uv": [0, 0.25, 0.25, 5.75], "texture": "#0"},
				"south": {"uv": [0, 11, 2, 16], "texture": "#0"},
				"west": {"uv": [2, 11, 2.25, 16], "texture": "#0"},
				"up": {"uv": [0.5, 0.5, 2.5, 0.25], "texture": "#0"},
				"down": {"uv": [2.5, 0.25, 4.5, 0.5], "texture": "#0"}
			}
		},
		{
			"name": "Cube",
			"from": [9.5487, 0.72912, 11.01],
			"to": [17.5287, 20.70912, 11.99],
			"rotation": {"angle": -22.5, "axis": "z", "origin": [14.5387, 11.11912, 11.5]},
			"faces": {
				"north": {"uv": [0, 11, 2, 16], "texture": "#0"},
				"east": {"uv": [2, 11, 2.25, 16], "texture": "#0"},
				"south": {"uv": [2, 11, 0, 16], "texture": "#0"},
				"west": {"uv": [0, 0.25, 0.25, 5.75], "texture": "#0"},
				"up": {"uv": [0.25, 0, 3, 0.25], "texture": "#0"},
				"down": {"uv": [3.25, 0, 6.25, 0.25], "texture": "#0"}
			}
		}
	],
	"display": {
		"thirdperson_righthand": {
			"rotation": [60, 150, -10],
			"translation": [0, -5, -2]
		},
		"thirdperson_lefthand": {
			"rotation": [60, 150, -10],
			"translation": [0, -5, -2]
		},
		"firstperson_righthand": {
			"rotation": [0, 180, -17],
			"translation": [11, -9.5, -2.25],
			"scale": [1.25, 1.25, 1.25]
		},
		"firstperson_lefthand": {
			"rotation": [0, 180, -17],
			"translation": [11, -9.5, -2.25],
			"scale": [1.25, 1.25, 1.25]
		},
		"ground": {
			"translation": [0, 4, 0],
			"scale": [0.25, 0.25, 0.25]
		},
		"gui": {
			"rotation": [0.5, 0, 0],
			"translation": [0, -2.25, 0],
			"scale": [0.74, 0.74, 0.74]
		},
		"fixed": {
			"rotation": [0, 180, 0],
			"translation": [0, -4, 7],
			"scale": [2, 2, 2]
		}
	}
}