{
	"credit": "Made with Blockbench",
	"ambientocclusion": false,
	"textures": {
		"0": "block/crimson_dandelion",
		"particle": "block/crimson_dandelion"
	},
	"elements": [
		{
			"from": [10.2, -0.8, 9.2],
			"to": [10.8, 11.8, 9.8],
			"rotation": {"angle": 0, "axis": "y", "origin": [18, 8, 17]},
			"faces": {
				"north": {"uv": [12, 2, 13, 14], "texture": "#0"},
				"east": {"uv": [15, 2, 16, 14], "texture": "#0"},
				"south": {"uv": [12, 2, 13, 14], "texture": "#0"},
				"west": {"uv": [13, 2, 14, 14], "texture": "#0"},
				"up": {"uv": [12, 0, 13, 1], "texture": "#0"},
				"down": {"uv": [12, 11, 13, 12], "texture": "#0"}
			}
		},
		{
			"from": [7.2, -0.8, 12.2],
			"to": [7.8, 7.8, 12.8],
			"rotation": {"angle": 0, "axis": "y", "origin": [15, 4, 20]},
			"faces": {
				"north": {"uv": [12, 2, 13, 14], "texture": "#0"},
				"east": {"uv": [15, 2, 16, 14], "texture": "#0"},
				"south": {"uv": [12, 2, 13, 14], "texture": "#0"},
				"west": {"uv": [13, 2, 14, 14], "texture": "#0"},
				"up": {"uv": [12, 0, 13, 1], "texture": "#0"},
				"down": {"uv": [12, 11, 13, 12], "texture": "#0"}
			}
		},
		{
			"from": [5.2, -0.8, 5.2],
			"to": [5.8, 9.8, 5.8],
			"rotation": {"angle": 0, "axis": "y", "origin": [13, 6, 13]},
			"faces": {
				"north": {"uv": [12, 2, 13, 14], "texture": "#0"},
				"east": {"uv": [15, 2, 16, 14], "texture": "#0"},
				"south": {"uv": [12, 2, 13, 14], "texture": "#0"},
				"west": {"uv": [13, 2, 14, 14], "texture": "#0"},
				"up": {"uv": [12, 0, 13, 1], "texture": "#0"},
				"down": {"uv": [12, 11, 13, 12], "texture": "#0"}
			}
		},
		{
			"from": [9, 11.85, 8],
			"to": [12, 11.85, 11],
			"rotation": {"angle": 0, "axis": "y", "origin": [18, 19.85, 17]},
			"faces": {
				"north": {"uv": [0, 0, 1, 0], "texture": "#missing"},
				"east": {"uv": [0, 0, 1, 0], "texture": "#missing"},
				"south": {"uv": [0, 0, 1, 0], "texture": "#missing"},
				"west": {"uv": [0, 0, 1, 0], "texture": "#missing"},
				"up": {"uv": [4, 4, 7, 7], "texture": "#0"},
				"down": {"uv": [8, 13, 11, 16], "texture": "#0"}
			}
		},
		{
			"from": [6, 7.85, 11],
			"to": [9, 7.85, 14],
			"rotation": {"angle": 0, "axis": "y", "origin": [15, 15.85, 20]},
			"faces": {
				"north": {"uv": [0, 0, 1, 0], "texture": "#missing"},
				"east": {"uv": [0, 0, 1, 0], "texture": "#missing"},
				"south": {"uv": [0, 0, 1, 0], "texture": "#missing"},
				"west": {"uv": [0, 0, 1, 0], "texture": "#missing"},
				"up": {"uv": [4, 4, 7, 7], "texture": "#0"},
				"down": {"uv": [8, 13, 11, 16], "texture": "#0"}
			}
		},
		{
			"from": [4, 9.85, 4],
			"to": [7, 9.85, 7],
			"rotation": {"angle": 0, "axis": "y", "origin": [13, 17.85, 13]},
			"faces": {
				"north": {"uv": [0, 0, 1, 0], "texture": "#missing"},
				"east": {"uv": [0, 0, 1, 0], "texture": "#missing"},
				"south": {"uv": [0, 0, 1, 0], "texture": "#missing"},
				"west": {"uv": [0, 0, 1, 0], "texture": "#missing"},
				"up": {"uv": [4, 4, 7, 7], "texture": "#0"},
				"down": {"uv": [8, 13, 11, 16], "texture": "#0"}
			}
		},
		{
			"from": [12, 12.05, 8],
			"to": [15, 12.05, 11],
			"rotation": {"angle": -22.5, "axis": "z", "origin": [11.5, 12.05, 9.5]},
			"faces": {
				"north": {"uv": [0, 0, 1, 0], "texture": "#missing"},
				"east": {"uv": [0, 0, 1, 0], "texture": "#missing"},
				"south": {"uv": [0, 0, 1, 0], "texture": "#missing"},
				"west": {"uv": [0, 0, 1, 0], "texture": "#missing"},
				"up": {"uv": [7, 4, 11, 7], "texture": "#0"},
				"down": {"uv": [7, 4, 11, 7], "texture": "#0"}
			}
		},
		{
			"from": [9, 8.05, 11],
			"to": [12, 8.05, 14],
			"rotation": {"angle": -22.5, "axis": "z", "origin": [8.5, 8.05, 12.5]},
			"faces": {
				"north": {"uv": [0, 0, 1, 0], "texture": "#missing"},
				"east": {"uv": [0, 0, 1, 0], "texture": "#missing"},
				"south": {"uv": [0, 0, 1, 0], "texture": "#missing"},
				"west": {"uv": [0, 0, 1, 0], "texture": "#missing"},
				"up": {"uv": [7, 4, 11, 7], "texture": "#0"},
				"down": {"uv": [7, 4, 11, 7], "texture": "#0"}
			}
		},
		{
			"from": [7, 10.05, 4],
			"to": [10, 10.05, 7],
			"rotation": {"angle": -22.5, "axis": "z", "origin": [6.5, 10.05, 5.5]},
			"faces": {
				"north": {"uv": [0, 0, 1, 0], "texture": "#missing"},
				"east": {"uv": [0, 0, 1, 0], "texture": "#missing"},
				"south": {"uv": [0, 0, 1, 0], "texture": "#missing"},
				"west": {"uv": [0, 0, 1, 0], "texture": "#missing"},
				"up": {"uv": [7, 4, 11, 7], "texture": "#0"},
				"down": {"uv": [7, 4, 11, 7], "texture": "#0"}
			}
		},
		{
			"from": [9, 12.05, 11],
			"to": [12, 12.05, 14],
			"rotation": {"angle": 22.5, "axis": "x", "origin": [10.5, 12.05, 10.5]},
			"faces": {
				"north": {"uv": [0, 0, 1, 0], "texture": "#missing"},
				"east": {"uv": [0, 0, 1, 0], "texture": "#missing"},
				"south": {"uv": [0, 0, 1, 0], "texture": "#missing"},
				"west": {"uv": [0, 0, 1, 0], "texture": "#missing"},
				"up": {"uv": [4, 7, 7, 11], "texture": "#0"},
				"down": {"uv": [4, 7, 7, 11], "rotation": 180, "texture": "#0"}
			}
		},
		{
			"from": [6, 8.05, 14],
			"to": [9, 8.05, 17],
			"rotation": {"angle": 22.5, "axis": "x", "origin": [7.5, 8.05, 13.5]},
			"faces": {
				"north": {"uv": [0, 0, 1, 0], "texture": "#missing"},
				"east": {"uv": [0, 0, 1, 0], "texture": "#missing"},
				"south": {"uv": [0, 0, 1, 0], "texture": "#missing"},
				"west": {"uv": [0, 0, 1, 0], "texture": "#missing"},
				"up": {"uv": [4, 7, 7, 11], "texture": "#0"},
				"down": {"uv": [4, 7, 7, 11], "rotation": 180, "texture": "#0"}
			}
		},
		{
			"from": [4, 10.05, 7],
			"to": [7, 10.05, 10],
			"rotation": {"angle": 22.5, "axis": "x", "origin": [5.5, 10.05, 6.5]},
			"faces": {
				"north": {"uv": [0, 0, 1, 0], "texture": "#missing"},
				"east": {"uv": [0, 0, 1, 0], "texture": "#missing"},
				"south": {"uv": [0, 0, 1, 0], "texture": "#missing"},
				"west": {"uv": [0, 0, 1, 0], "texture": "#missing"},
				"up": {"uv": [4, 7, 7, 11], "texture": "#0"},
				"down": {"uv": [4, 7, 7, 11], "rotation": 180, "texture": "#0"}
			}
		},
		{
			"from": [6, 12.05, 8],
			"to": [9, 12.05, 11],
			"rotation": {"angle": 22.5, "axis": "z", "origin": [9.5, 12.05, 9.5]},
			"faces": {
				"north": {"uv": [0, 0, 1, 0], "texture": "#missing"},
				"east": {"uv": [0, 0, 1, 0], "texture": "#missing"},
				"south": {"uv": [0, 0, 1, 0], "texture": "#missing"},
				"west": {"uv": [0, 0, 1, 0], "texture": "#missing"},
				"up": {"uv": [0, 4, 4, 7], "texture": "#0"},
				"down": {"uv": [0, 4, 4, 7], "texture": "#0"}
			}
		},
		{
			"from": [3, 8.05, 11],
			"to": [6, 8.05, 14],
			"rotation": {"angle": 22.5, "axis": "z", "origin": [6.5, 8.05, 12.5]},
			"faces": {
				"north": {"uv": [0, 0, 1, 0], "texture": "#missing"},
				"east": {"uv": [0, 0, 1, 0], "texture": "#missing"},
				"south": {"uv": [0, 0, 1, 0], "texture": "#missing"},
				"west": {"uv": [0, 0, 1, 0], "texture": "#missing"},
				"up": {"uv": [0, 4, 4, 7], "texture": "#0"},
				"down": {"uv": [0, 4, 4, 7], "texture": "#0"}
			}
		},
		{
			"from": [1, 10.05, 4],
			"to": [4, 10.05, 7],
			"rotation": {"angle": 22.5, "axis": "z", "origin": [4.5, 10.05, 5.5]},
			"faces": {
				"north": {"uv": [0, 0, 1, 0], "texture": "#missing"},
				"east": {"uv": [0, 0, 1, 0], "texture": "#missing"},
				"south": {"uv": [0, 0, 1, 0], "texture": "#missing"},
				"west": {"uv": [0, 0, 1, 0], "texture": "#missing"},
				"up": {"uv": [0, 4, 4, 7], "texture": "#0"},
				"down": {"uv": [0, 4, 4, 7], "texture": "#0"}
			}
		},
		{
			"from": [9, 12.05, 5],
			"to": [12, 12.05, 8],
			"rotation": {"angle": -22.5, "axis": "x", "origin": [10.5, 12.05, 8.5]},
			"faces": {
				"north": {"uv": [0, 0, 1, 0], "texture": "#missing"},
				"east": {"uv": [0, 0, 1, 0], "texture": "#missing"},
				"south": {"uv": [0, 0, 1, 0], "texture": "#missing"},
				"west": {"uv": [0, 0, 1, 0], "texture": "#missing"},
				"up": {"uv": [4, 0, 7, 4], "texture": "#0"},
				"down": {"uv": [4, 0, 7, 4], "rotation": 180, "texture": "#0"}
			}
		},
		{
			"from": [6, 8.05, 8],
			"to": [9, 8.05, 11],
			"rotation": {"angle": -22.5, "axis": "x", "origin": [7.5, 8.05, 11.5]},
			"faces": {
				"north": {"uv": [0, 0, 1, 0], "texture": "#missing"},
				"east": {"uv": [0, 0, 1, 0], "texture": "#missing"},
				"south": {"uv": [0, 0, 1, 0], "texture": "#missing"},
				"west": {"uv": [0, 0, 1, 0], "texture": "#missing"},
				"up": {"uv": [4, 0, 7, 4], "texture": "#0"},
				"down": {"uv": [4, 0, 7, 4], "rotation": 180, "texture": "#0"}
			}
		},
		{
			"from": [4, 10.05, 1],
			"to": [7, 10.05, 4],
			"rotation": {"angle": -22.5, "axis": "x", "origin": [5.5, 10.05, 4.5]},
			"faces": {
				"north": {"uv": [0, 0, 1, 0], "texture": "#missing"},
				"east": {"uv": [0, 0, 1, 0], "texture": "#missing"},
				"south": {"uv": [0, 0, 1, 0], "texture": "#missing"},
				"west": {"uv": [0, 0, 1, 0], "texture": "#missing"},
				"up": {"uv": [4, 0, 7, 4], "texture": "#0"},
				"down": {"uv": [4, 0, 7, 4], "rotation": 180, "texture": "#0"}
			}
		}
	],
	"display": {
		"thirdperson_righthand": {
			"translation": [-0.75, 3, 2],
			"scale": [0.44, 0.44, 0.44]
		},
		"thirdperson_lefthand": {
			"translation": [0.5, 3, 2],
			"scale": [0.44, 0.44, 0.44]
		},
		"firstperson_righthand": {
			"rotation": [0, -90, 25],
			"translation": [1.13, 3.7, 1.13],
			"scale": [0.68, 0.68, 0.68]
		},
		"firstperson_lefthand": {
			"rotation": [0, -90, 25],
			"translation": [1.13, 3.2, 1.13],
			"scale": [0.68, 0.68, 0.68]
		},
		"ground": {
			"translation": [0, 2, 0],
			"scale": [0.5, 0.5, 0.5]
		},
		"gui": {
			"rotation": [30, 225, 0],
			"translation": [-0.25, 2, 0],
			"scale": [1.05, 1.05, 1.05]
		},
		"head": {
			"rotation": [0, 180, 0],
			"translation": [0, 13, 0.25]
		},
		"fixed": {
			"rotation": [-90, 180, 0],
			"translation": [-0.75, 2.25, -16.5],
			"scale": [2, 2, 2]
		}
	}
}