{
	"credit": "Made with Blockbench",
	"texture_size": [64, 64],
	"textures": {
		"0": "block/spotless_warped_wart_block",
		"2": "block/warped_hugefungi",
		"particle": "block/spotless_warped_wart_block"
	},
	"elements": [
		{
			"from": [3, 0, 8],
			"to": [13, 5, 8],
			"rotation": {"angle": -45, "axis": "y", "origin": [8, 3, 8]},
			"faces": {
				"north": {"uv": [0, 7.5, 2.5, 8.75], "texture": "#2"},
				"east": {"uv": [0, 0, 0, 1.25], "texture": "#2"},
				"south": {"uv": [2.5, 7.5, 0, 8.75], "texture": "#2"},
				"west": {"uv": [0, 0, 0, 1.25], "texture": "#2"},
				"up": {"uv": [2.5, 0, 0, 0], "texture": "#2"},
				"down": {"uv": [2.5, 0, 0, 0], "texture": "#2"}
			}
		},
		{
			"from": [3, 5, 3],
			"to": [13, 20, 13],
			"rotation": {"angle": 0, "axis": "y", "origin": [8, 3, 8]},
			"faces": {
				"north": {"uv": [0, 0, 2.5, 3.75], "texture": "#2"},
				"east": {"uv": [0, 3.75, 2.5, 7.5], "texture": "#2"},
				"south": {"uv": [2.5, 3.75, 5, 7.5], "texture": "#2"},
				"west": {"uv": [2.5, 0, 5, 3.75], "texture": "#2"},
				"up": {"uv": [9, 2, 0, 11], "texture": "#0"},
				"down": {"uv": [7.5, 2.5, 5, 5], "texture": "#2"}
			}
		},
		{
			"from": [3, 2, 3],
			"to": [13, 5, 3],
			"rotation": {"angle": 0, "axis": "y", "origin": [8, 3, 8]},
			"faces": {
				"north": {"uv": [0, 12.25, 2.5, 13], "texture": "#2"},
				"east": {"uv": [0, 0, 2.5, 3.75], "texture": "#2"},
				"south": {"uv": [0, 12.25, 2.5, 13], "texture": "#2"},
				"west": {"uv": [0, 12.25, 2.5, 13], "texture": "#2"},
				"up": {"uv": [7.5, 2.5, 5, 0], "texture": "#2"},
				"down": {"uv": [7.5, 2.5, 5, 5], "texture": "#2"}
			}
		},
		{
			"from": [3, 2, 3],
			"to": [3, 5, 13],
			"rotation": {"angle": 0, "axis": "y", "origin": [8, 3.5, 3]},
			"faces": {
				"north": {"uv": [0, 0, 2.5, 3.75], "texture": "#2"},
				"east": {"uv": [0, 12.25, 2.5, 13], "texture": "#2"},
				"south": {"uv": [0, 12.25, 2.5, 13], "texture": "#2"},
				"west": {"uv": [0, 12.25, 2.5, 13], "texture": "#2"},
				"up": {"uv": [7.5, 2.5, 5, 0], "rotation": 270, "texture": "#2"},
				"down": {"uv": [7.5, 2.5, 5, 5], "rotation": 90, "texture": "#2"}
			}
		},
		{
			"from": [3, 2, 13],
			"to": [13, 5, 13],
			"rotation": {"angle": 0, "axis": "y", "origin": [8, 3.5, 3]},
			"faces": {
				"north": {"uv": [0, 12.25, 2.5, 13], "texture": "#2"},
				"east": {"uv": [0, 12.25, 2.5, 13], "texture": "#2"},
				"south": {"uv": [0, 12.25, 2.5, 13], "texture": "#2"},
				"west": {"uv": [0, 0, 2.5, 3.75], "texture": "#2"},
				"up": {"uv": [7.5, 2.5, 5, 0], "rotation": 180, "texture": "#2"},
				"down": {"uv": [7.5, 2.5, 5, 5], "rotation": 180, "texture": "#2"}
			}
		},
		{
			"from": [13, 2, 3],
			"to": [13, 5, 13],
			"rotation": {"angle": 0, "axis": "y", "origin": [8, 3.5, 3]},
			"faces": {
				"north": {"uv": [0, 12.25, 2.5, 13], "texture": "#2"},
				"east": {"uv": [0, 12.25, 2.5, 13], "texture": "#2"},
				"south": {"uv": [0, 0, 2.5, 3.75], "texture": "#2"},
				"west": {"uv": [0, 12.25, 2.5, 13], "texture": "#2"},
				"up": {"uv": [7.5, 2.5, 5, 0], "rotation": 90, "texture": "#2"},
				"down": {"uv": [7.5, 2.5, 5, 5], "rotation": 270, "texture": "#2"}
			}
		},
		{
			"from": [8, 0, 3],
			"to": [8, 5, 13],
			"rotation": {"angle": -45, "axis": "y", "origin": [8, 3, 8]},
			"faces": {
				"north": {"uv": [0, 0, 0, 1.25], "texture": "#2"},
				"east": {"uv": [2.5, 7.5, 0, 8.75], "texture": "#2"},
				"south": {"uv": [0, 0, 0, 1.25], "texture": "#2"},
				"west": {"uv": [0, 7.5, 2.5, 8.75], "texture": "#2"},
				"up": {"uv": [0, 2.5, 0, 0], "texture": "#2"},
				"down": {"uv": [0, 0, 0, 2.5], "texture": "#2"}
			}
		}
	],
	"display": {
		"thirdperson_righthand": {
			"rotation": [75, 45, 0],
			"translation": [0, 2.5, 0],
			"scale": [0.375, 0.375, 0.375]
		},
		"thirdperson_lefthand": {
			"rotation": [75, 45, 0],
			"translation": [0, 2.5, 0],
			"scale": [0.375, 0.375, 0.375]
		},
		"firstperson_righthand": {
			"rotation": [0, 45, 0],
			"translation": [1.5, 0, 0],
			"scale": [0.4, 0.4, 0.4]
		},
		"firstperson_lefthand": {
			"rotation": [0, 45, 0],
			"translation": [1.5, 0, 0],
			"scale": [0.4, 0.4, 0.4]
		},
		"ground": {
			"translation": [0, 3, 0],
			"scale": [0.25, 0.25, 0.25]
		},
		"gui": {
			"rotation": [30, 225, 0],
			"translation": [0, -1.75, 0],
			"scale": [0.625, 0.625, 0.625]
		},
		"head": {
			"translation": [0, 14.25, 0]
		},
		"fixed": {
			"rotation": [-90, 0, 0],
			"translation": [0, 0, -15],
			"scale": [2, 2, 2]
		}
	}
}