{
	"credit": "Made with Blockbench",
	"ambientocclusion": false,
	"texture_size": [64, 64],
	"textures": {
		"0": "block/magma_fungus",
		"particle": "block/magma_fungus"
	},
	"elements": [
		{
			"from": [-8, 0, 8],
			"to": [26, 27, 8],
			"rotation": {"angle": 0, "axis": "y", "origin": [15.5, 0.5, 7.5]},
			"faces": {
				"north": {"uv": [0, 1.25, 8.5, 8], "texture": "#0"},
				"east": {"uv": [0, 0, 0, 8], "texture": "#missing"},
				"south": {"uv": [8.5, 1.25, 0, 8], "texture": "#0"},
				"west": {"uv": [0, 0, 0, 8], "texture": "#missing"},
				"up": {"uv": [0, 0, 8.5, 0], "texture": "#missing"},
				"down": {"uv": [0, 0, 8.5, 0], "texture": "#missing"}
			}
		},
		{
			"from": [-7, 0, 5],
			"to": [11, 10, 5],
			"rotation": {"angle": 0, "axis": "y", "origin": [5.5, 0.5, 5.5]},
			"faces": {
				"north": {"uv": [10.25, 8.75, 14.75, 11.25], "texture": "#0"},
				"east": {"uv": [0, 0, 0, 1], "texture": "#missing"},
				"south": {"uv": [14.75, 8.75, 10.25, 11.25], "texture": "#0"},
				"west": {"uv": [0, 0, 0, 1], "texture": "#missing"},
				"up": {"uv": [0, 0, 0.25, 0], "texture": "#missing"},
				"down": {"uv": [0, 0, 0.25, 0], "texture": "#missing"}
			}
		},
		{
			"from": [5.66667, 0, 11],
			"to": [23.66667, 10, 11],
			"rotation": {"angle": 0, "axis": "y", "origin": [8.33333, 6.5, 10]},
			"faces": {
				"north": {"uv": [10.25, 8.75, 14.75, 11.25], "texture": "#0"},
				"east": {"uv": [0, 0, 0, 1], "texture": "#missing"},
				"south": {"uv": [10.25, 8.75, 14.75, 11.25], "texture": "#0"},
				"west": {"uv": [0, 0, 0, 1], "texture": "#missing"},
				"up": {"uv": [0, 0, 0.25, 0], "rotation": 180, "texture": "#missing"},
				"down": {"uv": [0, 0, 0.25, 0], "rotation": 180, "texture": "#missing"}
			}
		},
		{
			"from": [-7, 0, 7],
			"to": [22, 16, 7],
			"rotation": {"angle": 0, "axis": "y", "origin": [19.5, 0.5, 6.5]},
			"faces": {
				"north": {"uv": [0.75, 10, 8, 14], "texture": "#0"},
				"east": {"uv": [0, 0, 0, 0.25], "texture": "#missing"},
				"south": {"uv": [8, 10, 0.75, 14], "texture": "#0"},
				"west": {"uv": [0.75, 10, 8, 14], "texture": "#0"},
				"up": {"uv": [0, 0, 0.25, 0], "texture": "#missing"},
				"down": {"uv": [0, 0, 0.25, 0], "texture": "#missing"}
			}
		},
		{
			"from": [-5.33333, 0, 9],
			"to": [23.66667, 16, 9],
			"rotation": {"angle": 0, "axis": "y", "origin": [8.33333, 6.5, 10]},
			"faces": {
				"north": {"uv": [8, 10, 0.75, 14], "texture": "#0"},
				"east": {"uv": [0.75, 10, 8, 14], "texture": "#0"},
				"south": {"uv": [0.75, 10, 8, 14], "texture": "#0"},
				"west": {"uv": [0, 0, 0, 0.25], "texture": "#missing"},
				"up": {"uv": [0, 0, 0.25, 0], "rotation": 180, "texture": "#missing"},
				"down": {"uv": [0, 0, 0.25, 0], "rotation": 180, "texture": "#missing"}
			}
		},
		{
			"from": [5, 0, 6],
			"to": [26, 13, 6],
			"rotation": {"angle": 0, "axis": "y", "origin": [20, 8, 14]},
			"faces": {
				"north": {"uv": [9.75, 12.25, 15, 15.5], "texture": "#0"},
				"east": {"uv": [0, 0, 0, 2.5], "texture": "#missing"},
				"south": {"uv": [15, 12.25, 9.75, 15.5], "texture": "#0"},
				"west": {"uv": [0, 0, 0, 2.5], "texture": "#missing"},
				"up": {"uv": [0, 0, 0.25, 0], "texture": "#missing"},
				"down": {"uv": [0, 0, 0.25, 0], "texture": "#missing"}
			}
		},
		{
			"from": [-9.33333, 0, 10],
			"to": [11.66667, 13, 10],
			"rotation": {"angle": 0, "axis": "y", "origin": [8.33333, 6.5, 10]},
			"faces": {
				"north": {"uv": [15, 12.25, 9.75, 15.5], "texture": "#0"},
				"east": {"uv": [0, 0, 0, 2.5], "texture": "#missing"},
				"south": {"uv": [9.75, 12.25, 15, 15.5], "texture": "#0"},
				"west": {"uv": [0, 0, 0, 2.5], "texture": "#missing"},
				"up": {"uv": [0, 0, 0.25, 0], "rotation": 180, "texture": "#missing"},
				"down": {"uv": [0, 0, 0.25, 0], "rotation": 180, "texture": "#missing"}
			}
		}
	],
	"gui_light": "front",
	"display": {
		"thirdperson_righthand": {
			"rotation": [28.75, -6.75, 0],
			"translation": [0, 2.5, 2.25],
			"scale": [0.375, 0.375, 0.375]
		},
		"thirdperson_lefthand": {
			"rotation": [28.75, -6.75, 0],
			"translation": [0, 2.5, 2.25],
			"scale": [0.375, 0.375, 0.375]
		},
		"firstperson_righthand": {
			"rotation": [0, 10.5, 0],
			"translation": [1, 3.25, 1.25],
			"scale": [0.4, 0.4, 0.4]
		},
		"firstperson_lefthand": {
			"rotation": [0, 10.5, 0],
			"translation": [1, 3.25, 1.25],
			"scale": [0.4, 0.4, 0.4]
		},
		"ground": {
			"translation": [0, 3, 0],
			"scale": [0.25, 0.25, 0.25]
		},
		"gui": {
			"rotation": [16.75, 0, 0],
			"translation": [0, -4.5, 0],
			"scale": [0.42, 0.42, 0.42]
		},
		"head": {
			"rotation": [0, 180, 0],
			"translation": [0, 13, 0.75]
		},
		"fixed": {
			"rotation": [-90, 0, 0],
			"translation": [0, 0, -15],
			"scale": [2, 2, 2]
		}
	}
}